episode_id,scene_id,scene_family,split,class_id,source_clip_id,base_clip_id,distance_m,azimuth_project_deg,elevation_project_deg,binaural_final_rms,foa_final_rms,direct_foa_status,human_listening_status,semantic_review_status
clsdoa_v1_pilot_004_ep_000001,replica.apartment_1,Replica,train,0,ESC-50:251489,esc50:251489,5.261074456793334,22.5,-10.957175261054712,0.0024689518023518512,0.000680214742375878,UNAVAILABLE_ZERO_RIR,PENDING - HUMAN CONTENT REVIEW REMAINS,PENDING - HUMAN CONTENT REVIEW REMAINS
clsdoa_v1_pilot_004_ep_000029,mp3d.17DRP5sb8fy,MP3D,train,0,ESC-50:157296,esc50:157296,3.2531325217329576,-67.5,0.0,0.008617684172101571,0.002652428270959985,PASS,PENDING - HUMAN CONTENT REVIEW REMAINS,PENDING - HUMAN CONTENT REVIEW REMAINS
clsdoa_v1_pilot_004_ep_000081,replica.office_0,Replica,train,1,ESC-50:253534,esc50:253534,3.7977295349732847,-67.5,-2.103146355263823,0.0689718915483437,0.024733310094348947,PASS,PENDING - HUMAN CONTENT REVIEW REMAINS,PENDING - HUMAN CONTENT REVIEW REMAINS
clsdoa_v1_pilot_004_ep_000109,mp3d.Vt2qJdWjCF2,MP3D,train,1,PSELD-selected FSD50K:101673,fsd50k:101673,4.243458793290187,-22.5,6.7667904294975685,0.015545192827343578,0.005010891988863556,PASS,PENDING - HUMAN CONTENT REVIEW REMAINS,PENDING - HUMAN CONTENT REVIEW REMAINS
clsdoa_v1_pilot_004_ep_000161,replica.office_0,Replica,train,2,ESC-50:222894,esc50:222894,1.340944304512247,157.50000000000006,-6.150054544088054,0.09392682306060952,0.03286547637626667,PASS,PENDING - HUMAN CONTENT REVIEW REMAINS,PENDING - HUMAN CONTENT REVIEW REMAINS
clsdoa_v1_pilot_004_ep_000189,mp3d.EDJbREhghzL,MP3D,train,2,ESC-50:120333,esc50:120333,1.1179458481255538,-157.50000000000003,0.0,0.33737309459400433,0.10021826207482197,PASS,PENDING - HUMAN CONTENT REVIEW REMAINS,PENDING - HUMAN CONTENT REVIEW REMAINS
clsdoa_v1_pilot_004_ep_000241,replica.room_0,Replica,train,3,ESC-50:19872,esc50:19872,2.223233574094782,-22.5,-0.6391301553292358,0.0964605037905898,0.034102373984709215,PASS,PENDING - HUMAN CONTENT REVIEW REMAINS,PENDING - HUMAN CONTENT REVIEW REMAINS
clsdoa_v1_pilot_004_ep_000269,mp3d.gTV8FGcVJC9,MP3D,train,3,ESC-50:172733,esc50:172733,1.359104004312102,22.5,0.0,0.0629158840187885,0.019770507201596392,PASS,PENDING - HUMAN CONTENT REVIEW REMAINS,PENDING - HUMAN CONTENT REVIEW REMAINS
clsdoa_v1_pilot_004_ep_000321,replica.office_2,Replica,train,4,ESC-50:204684,esc50:204684,4.859959704838927,-67.5,-5.905125044289712,0.05373899358433611,0.019966951006080792,PASS,PENDING - HUMAN CONTENT REVIEW REMAINS,PENDING - HUMAN CONTENT REVIEW REMAINS
clsdoa_v1_pilot_004_ep_000349,mp3d.8194nk5LbLH,MP3D,train,4,ESC-50:198841,esc50:198841,1.1984591813234553,-22.5,0.0,0.049509877539776266,0.022811881486660756,PASS,PENDING - HUMAN CONTENT REVIEW REMAINS,PENDING - HUMAN CONTENT REVIEW REMAINS
clsdoa_v1_pilot_004_ep_000401,replica.apartment_1,Replica,train,5,DESED isolated foreground:124810,desed:train:124810,1.46060173430602,-22.5,0.0,0.013599002851618875,0.00461025884859527,PASS,PENDING - HUMAN CONTENT REVIEW REMAINS,PENDING - HUMAN CONTENT REVIEW REMAINS
clsdoa_v1_pilot_004_ep_000429,mp3d.Pm6F8kyY3z2,MP3D,train,5,DESED isolated foreground:236487,desed:eval:236487,2.67743358112006,-157.5,-10.790982908778137,0.062085424188441964,0.01994116337616364,PASS,PENDING - HUMAN CONTENT REVIEW REMAINS,PENDING - HUMAN CONTENT REVIEW REMAINS
clsdoa_v1_pilot_004_ep_000481,replica.office_0,Replica,train,6,DESED isolated foreground:60830,desed:train:60830,3.7977295349732847,-112.5,-2.103146355263823,0.025079563841511738,0.008788892833277709,PASS,PENDING - HUMAN CONTENT REVIEW REMAINS,PENDING - HUMAN CONTENT REVIEW REMAINS
clsdoa_v1_pilot_004_ep_000509,mp3d.EDJbREhghzL,MP3D,train,6,DESED isolated foreground:49385,desed:train:49385,1.6114864311798702,-67.5,-3.5910805390743152,0.026381708287738156,0.009929090634302818,PASS,PENDING - HUMAN CONTENT REVIEW REMAINS,PENDING - HUMAN CONTENT REVIEW REMAINS
clsdoa_v1_pilot_004_ep_000561,replica.frl_apartment_1,Replica,train,7,PSELD-selected FSD50K:174467,fsd50k:174467,2.7699913046516267,157.5,7.533272075678038,0.013591027380353905,0.004665379048017632,PASS,PENDING - HUMAN CONTENT REVIEW REMAINS,PENDING - HUMAN CONTENT REVIEW REMAINS
clsdoa_v1_pilot_004_ep_000589,mp3d.PX4nDJXEHrG,MP3D,train,7,DESED isolated foreground:417995,desed:eval:417995,1.3209183415250638,112.5,7.4426788561420345,0.030661947319295568,0.009884868634658941,PASS,PENDING - HUMAN CONTENT REVIEW REMAINS,PENDING - HUMAN CONTENT REVIEW REMAINS
clsdoa_v1_pilot_004_ep_000641,replica.frl_apartment_1,Replica,train,8,PSELD-selected FSD50K:52758,fsd50k:52758,3.5330978084609943,-22.50000000000003,3.287347381436396,0.07694066547647571,0.02681323503755665,PASS,PENDING - HUMAN CONTENT REVIEW REMAINS,PENDING - HUMAN CONTENT REVIEW REMAINS
clsdoa_v1_pilot_004_ep_000669,mp3d.5LpN3gDmAk7,MP3D,train,8,PSELD-selected FSD50K:70083,fsd50k:70083,1.0055632240453367,-22.5,0.0,0.014338096004549526,0.00571620460114536,UNAVAILABLE_ZERO_RIR,PENDING - HUMAN CONTENT REVIEW REMAINS,PENDING - HUMAN CONTENT REVIEW REMAINS
clsdoa_v1_pilot_004_ep_000721,replica.office_0,Replica,train,9,PSELD-selected FSD50K:94213,fsd50k:94213,3.7977295349732847,-112.5,-2.103146355263823,0.048662002120881856,0.01734935544538534,PASS,PENDING - HUMAN CONTENT REVIEW REMAINS,PENDING - HUMAN CONTENT REVIEW REMAINS
clsdoa_v1_pilot_004_ep_000749,mp3d.QUCTc6BB5sX,MP3D,train,9,PSELD-selected FSD50K:197130,fsd50k:197130,5.4013202869625445,22.5,-4.2681209895153875,0.014890446793204792,0.005326979405116556,UNAVAILABLE_ZERO_RIR,PENDING - HUMAN CONTENT REVIEW REMAINS,PENDING - HUMAN CONTENT REVIEW REMAINS
clsdoa_v1_pilot_004_ep_000801,replica.apartment_2,Replica,train,10,DESED isolated foreground:12832,desed:train:12832,3.208284648020208,-67.50000000000001,-16.859259415659917,0.010046444666950177,0.003058252937090758,PASS,PENDING - HUMAN CONTENT REVIEW REMAINS,PENDING - HUMAN CONTENT REVIEW REMAINS
clsdoa_v1_pilot_004_ep_000829,mp3d.XcA2TqTSSAj,MP3D,train,10,DESED isolated foreground:80115,desed:train:80115,3.428976671859509,22.5,-1.5581984978194572,0.006957485805306651,0.002659410456838858,PASS,PENDING - HUMAN CONTENT REVIEW REMAINS,PENDING - HUMAN CONTENT REVIEW REMAINS
clsdoa_v1_pilot_004_ep_000881,replica.apartment_1,Replica,train,11,PSELD-selected FSD50K:212038,fsd50k:212038,1.46060173430602,67.5,0.0,0.028272905373344377,0.008226343274555965,PASS,PENDING - HUMAN CONTENT REVIEW REMAINS,PENDING - HUMAN CONTENT REVIEW REMAINS
clsdoa_v1_pilot_004_ep_000909,mp3d.ARNzJeq3xxb,MP3D,train,11,PSELD-selected FSD50K:258148,fsd50k:258148,4.4266477876581805,-67.50000000000001,14.38847448908681,0.015321080990371959,0.004970587526729262,PASS,PENDING - HUMAN CONTENT REVIEW REMAINS,PENDING - HUMAN CONTENT REVIEW REMAINS
clsdoa_v1_pilot_004_ep_000468,mp3d.1LXtFkjw3qL,MP3D,val,5,DESED isolated foreground:106436,desed:train:106436,4.4651570959679,112.5,51.61416537941575,2.679159609237108e-06,1.2091771304158231e-06,UNAVAILABLE_ZERO_RIR,PENDING - HUMAN CONTENT REVIEW REMAINS,PENDING - HUMAN CONTENT REVIEW REMAINS
clsdoa_v1_pilot_004_ep_000868,mp3d.1LXtFkjw3qL,MP3D,val,10,DESED isolated foreground:205016,desed:train:205016,4.623594693706671,-112.49999999999999,53.153328117512636,1.0862640188933707e-06,3.5678751252945804e-07,UNAVAILABLE_ZERO_RIR,PENDING - HUMAN CONTENT REVIEW REMAINS,PENDING - HUMAN CONTENT REVIEW REMAINS
