pilot005_episode_id,class_id,source_dataset,source_clip_id,base_clip_id,scene_id,scene_family,split,distance_m,yaw_deg,azimuth_deg,elevation_deg,binaural_wav_path,foa_wav_path,reason_selected,near_silence,HUMAN_LISTENING_STATUS,semantic_correct,audible,artifact,comments
clsdoa_v1_pilot_005_ep_000001,0,ESC-50,ESC-50:251489,esc50:251489,replica.apartment_1,Replica,train,5.261074456793334,-27.531957204470917,22.5,-10.957175261054712,audio/binaural/clsdoa_v1_pilot_005_ep_000001.wav,audio/foa/clsdoa_v1_pilot_005_ep_000001.wav,frozen Step4F-R1/R2 representative set,false,PENDING,,,,
clsdoa_v1_pilot_005_ep_000029,0,ESC-50,ESC-50:157296,esc50:157296,mp3d.17DRP5sb8fy,MP3D,train,3.2531325217329576,11.296183463585109,-67.5,0.0,audio/binaural/clsdoa_v1_pilot_005_ep_000029.wav,audio/foa/clsdoa_v1_pilot_005_ep_000029.wav,frozen Step4F-R1/R2 representative set,false,PENDING,,,,
clsdoa_v1_pilot_005_ep_000081,1,ESC-50,ESC-50:253534,esc50:253534,replica.office_0,Replica,train,3.7977295349732847,76.08798340944858,-67.5,-2.103146355263823,audio/binaural/clsdoa_v1_pilot_005_ep_000081.wav,audio/foa/clsdoa_v1_pilot_005_ep_000081.wav,frozen Step4F-R1/R2 representative set,false,PENDING,,,,
clsdoa_v1_pilot_005_ep_000109,1,PSELD-selected FSD50K,PSELD-selected FSD50K:101673,fsd50k:101673,mp3d.Vt2qJdWjCF2,MP3D,train,4.243458793290187,-60.05710028070085,-22.5,6.7667904294975685,audio/binaural/clsdoa_v1_pilot_005_ep_000109.wav,audio/foa/clsdoa_v1_pilot_005_ep_000109.wav,frozen Step4F-R1/R2 representative set,false,PENDING,,,,
clsdoa_v1_pilot_005_ep_000161,2,ESC-50,ESC-50:222894,esc50:222894,replica.office_0,Replica,train,1.340944304512247,-323.0172602793634,157.50000000000006,-6.150054544088054,audio/binaural/clsdoa_v1_pilot_005_ep_000161.wav,audio/foa/clsdoa_v1_pilot_005_ep_000161.wav,frozen Step4F-R1/R2 representative set,false,PENDING,,,,
clsdoa_v1_pilot_005_ep_000189,2,ESC-50,ESC-50:120333,esc50:120333,mp3d.EDJbREhghzL,MP3D,train,1.1179458481255538,247.2282444817128,-157.50000000000003,0.0,audio/binaural/clsdoa_v1_pilot_005_ep_000189.wav,audio/foa/clsdoa_v1_pilot_005_ep_000189.wav,frozen Step4F-R1/R2 representative set,false,PENDING,,,,
clsdoa_v1_pilot_005_ep_000241,3,ESC-50,ESC-50:19872,esc50:19872,replica.room_0,Replica,train,2.223233574094782,14.4816505963885,-22.5,-0.6391301553292358,audio/binaural/clsdoa_v1_pilot_005_ep_000241.wav,audio/foa/clsdoa_v1_pilot_005_ep_000241.wav,frozen Step4F-R1/R2 representative set,false,PENDING,,,,
clsdoa_v1_pilot_005_ep_000269,3,ESC-50,ESC-50:172733,esc50:172733,mp3d.gTV8FGcVJC9,MP3D,train,1.359104004312102,-39.20219254222103,22.5,0.0,audio/binaural/clsdoa_v1_pilot_005_ep_000269.wav,audio/foa/clsdoa_v1_pilot_005_ep_000269.wav,frozen Step4F-R1/R2 representative set,false,PENDING,,,,
clsdoa_v1_pilot_005_ep_000321,4,ESC-50,ESC-50:204684,esc50:204684,replica.office_2,Replica,train,4.859959704838927,-72.6761030584911,-67.5,-5.905125044289712,audio/binaural/clsdoa_v1_pilot_005_ep_000321.wav,audio/foa/clsdoa_v1_pilot_005_ep_000321.wav,frozen Step4F-R1/R2 representative set,false,PENDING,,,,
clsdoa_v1_pilot_005_ep_000349,4,ESC-50,ESC-50:198841,esc50:198841,mp3d.8194nk5LbLH,MP3D,train,1.1984591813234553,-93.39671213399775,-22.5,0.0,audio/binaural/clsdoa_v1_pilot_005_ep_000349.wav,audio/foa/clsdoa_v1_pilot_005_ep_000349.wav,frozen Step4F-R1/R2 representative set,false,PENDING,,,,
clsdoa_v1_pilot_005_ep_000401,5,DESED isolated foreground,DESED isolated foreground:124810,desed:train:124810,replica.apartment_1,Replica,train,1.46060173430602,97.9931462494296,-22.5,0.0,audio/binaural/clsdoa_v1_pilot_005_ep_000401.wav,audio/foa/clsdoa_v1_pilot_005_ep_000401.wav,frozen Step4F-R1/R2 representative set,false,PENDING,,,,
clsdoa_v1_pilot_005_ep_000429,5,DESED isolated foreground,DESED isolated foreground:236487,desed:eval:236487,mp3d.Pm6F8kyY3z2,MP3D,train,2.67743358112006,152.85619739512137,-157.5,-10.790982908778137,audio/binaural/clsdoa_v1_pilot_005_ep_000429.wav,audio/foa/clsdoa_v1_pilot_005_ep_000429.wav,frozen Step4F-R1/R2 representative set,false,PENDING,,,,
clsdoa_v1_pilot_005_ep_000481,6,DESED isolated foreground,DESED isolated foreground:60830,desed:train:60830,replica.office_0,Replica,train,3.7977295349732847,121.08798340944858,-112.5,-2.103146355263823,audio/binaural/clsdoa_v1_pilot_005_ep_000481.wav,audio/foa/clsdoa_v1_pilot_005_ep_000481.wav,frozen Step4F-R1/R2 representative set,false,PENDING,,,,
clsdoa_v1_pilot_005_ep_000509,6,DESED isolated foreground,DESED isolated foreground:49385,desed:train:49385,mp3d.EDJbREhghzL,MP3D,train,1.6114864311798702,-45.212465677186515,-67.5,-3.5910805390743152,audio/binaural/clsdoa_v1_pilot_005_ep_000509.wav,audio/foa/clsdoa_v1_pilot_005_ep_000509.wav,frozen Step4F-R1/R2 representative set,false,PENDING,,,,
clsdoa_v1_pilot_005_ep_000561,7,PSELD-selected FSD50K,PSELD-selected FSD50K:174467,fsd50k:174467,replica.frl_apartment_1,Replica,train,2.7699913046516267,-151.7431047455177,157.5,7.533272075678038,audio/binaural/clsdoa_v1_pilot_005_ep_000561.wav,audio/foa/clsdoa_v1_pilot_005_ep_000561.wav,frozen Step4F-R1/R2 representative set,false,PENDING,,,,
clsdoa_v1_pilot_005_ep_000589,7,DESED isolated foreground,DESED isolated foreground:417995,desed:eval:417995,mp3d.PX4nDJXEHrG,MP3D,train,1.3209183415250638,-23.332215561887708,112.5,7.4426788561420345,audio/binaural/clsdoa_v1_pilot_005_ep_000589.wav,audio/foa/clsdoa_v1_pilot_005_ep_000589.wav,frozen Step4F-R1/R2 representative set,false,PENDING,,,,
clsdoa_v1_pilot_005_ep_000641,8,PSELD-selected FSD50K,PSELD-selected FSD50K:52758,fsd50k:52758,replica.frl_apartment_1,Replica,train,3.5330978084609943,86.35424740358107,-22.50000000000003,3.287347381436396,audio/binaural/clsdoa_v1_pilot_005_ep_000641.wav,audio/foa/clsdoa_v1_pilot_005_ep_000641.wav,frozen Step4F-R1/R2 representative set,false,PENDING,,,,
clsdoa_v1_pilot_005_ep_000669,8,PSELD-selected FSD50K,PSELD-selected FSD50K:70083,fsd50k:70083,mp3d.5LpN3gDmAk7,MP3D,train,1.0055632240453367,-26.34577312683099,-22.5,0.0,audio/binaural/clsdoa_v1_pilot_005_ep_000669.wav,audio/foa/clsdoa_v1_pilot_005_ep_000669.wav,frozen Step4F-R1/R2 representative set,false,PENDING,,,,
clsdoa_v1_pilot_005_ep_000721,9,PSELD-selected FSD50K,PSELD-selected FSD50K:94213,fsd50k:94213,replica.office_0,Replica,train,3.7977295349732847,121.08798340944858,-112.5,-2.103146355263823,audio/binaural/clsdoa_v1_pilot_005_ep_000721.wav,audio/foa/clsdoa_v1_pilot_005_ep_000721.wav,frozen Step4F-R1/R2 representative set,false,PENDING,,,,
clsdoa_v1_pilot_005_ep_000749,9,PSELD-selected FSD50K,PSELD-selected FSD50K:197130,fsd50k:197130,mp3d.QUCTc6BB5sX,MP3D,train,5.4013202869625445,65.299409895269,22.5,-4.2681209895153875,audio/binaural/clsdoa_v1_pilot_005_ep_000749.wav,audio/foa/clsdoa_v1_pilot_005_ep_000749.wav,frozen Step4F-R1/R2 representative set,false,PENDING,,,,
clsdoa_v1_pilot_005_ep_000801,10,DESED isolated foreground,DESED isolated foreground:12832,desed:train:12832,replica.apartment_2,Replica,train,3.208284648020208,204.84926533269805,-67.50000000000001,-16.859259415659917,audio/binaural/clsdoa_v1_pilot_005_ep_000801.wav,audio/foa/clsdoa_v1_pilot_005_ep_000801.wav,frozen Step4F-R1/R2 representative set,false,PENDING,,,,
clsdoa_v1_pilot_005_ep_000829,10,DESED isolated foreground,DESED isolated foreground:80115,desed:train:80115,mp3d.XcA2TqTSSAj,MP3D,train,3.428976671859509,72.43140197884776,22.5,-1.5581984978194572,audio/binaural/clsdoa_v1_pilot_005_ep_000829.wav,audio/foa/clsdoa_v1_pilot_005_ep_000829.wav,frozen Step4F-R1/R2 representative set,false,PENDING,,,,
clsdoa_v1_pilot_005_ep_000881,11,PSELD-selected FSD50K,PSELD-selected FSD50K:212038,fsd50k:212038,replica.apartment_1,Replica,train,1.46060173430602,7.9931462494296,67.5,0.0,audio/binaural/clsdoa_v1_pilot_005_ep_000881.wav,audio/foa/clsdoa_v1_pilot_005_ep_000881.wav,frozen Step4F-R1/R2 representative set,false,PENDING,,,,
clsdoa_v1_pilot_005_ep_000909,11,PSELD-selected FSD50K,PSELD-selected FSD50K:258148,fsd50k:258148,mp3d.ARNzJeq3xxb,MP3D,train,4.4266477876581805,78.66239952326228,-67.50000000000001,14.38847448908681,audio/binaural/clsdoa_v1_pilot_005_ep_000909.wav,audio/foa/clsdoa_v1_pilot_005_ep_000909.wav,frozen Step4F-R1/R2 representative set,false,PENDING,,,,
clsdoa_v1_pilot_005_ep_000468,5,DESED isolated foreground,DESED isolated foreground:106436,desed:train:106436,mp3d.1LXtFkjw3qL,MP3D,val,4.4651570959679,-230.73765034544124,112.5,51.61416537941575,audio/binaural/clsdoa_v1_pilot_005_ep_000468.wav,audio/foa/clsdoa_v1_pilot_005_ep_000468.wav,near-silence retained from frozen Step4F-R1/R2 set,true,PENDING,,,,
clsdoa_v1_pilot_005_ep_000868,10,DESED isolated foreground,DESED isolated foreground:205016,desed:train:205016,mp3d.1LXtFkjw3qL,MP3D,val,4.623594693706671,-5.737650345441239,-112.49999999999999,53.153328117512636,audio/binaural/clsdoa_v1_pilot_005_ep_000868.wav,audio/foa/clsdoa_v1_pilot_005_ep_000868.wav,near-silence retained from frozen Step4F-R1/R2 set,true,PENDING,,,,
